Bias,J(pixel 2)
V,mA/cm^2
-0.2,-22.9848
-0.18,-22.9449
-0.16,-22.905
-0.14,-22.9449
-0.12,-22.9449
-0.1,-22.9449
-0.08,-22.9449
-0.06,-22.9449
-0.04,-22.9449
-0.02,-22.9449
0,-22.9449
0.02,-22.9449
0.04,-22.9449
0.06,-22.9449
0.08,-22.9449
0.1,-22.905
0.12,-22.9449
0.14,-22.905
0.16,-22.905
0.18,-22.905
0.2,-22.8651
0.22,-22.905
0.24,-22.8651
0.26,-22.8252
0.28,-22.7853
0.3,-22.7055
0.32,-22.7454
0.34,-22.6656
0.36,-22.6257
0.38,-22.6656
0.4,-22.7055
0.42,-22.7454
0.44,-22.7454
0.46,-22.7853
0.48,-22.7454
0.5,-22.7454
0.52,-22.7454
0.54,-22.7454
0.56,-22.7055
0.58,-22.6656
0.6,-22.6257
0.62,-22.5858
0.64,-22.5858
0.66,-22.506
0.68,-22.4661
0.7,-22.3863
0.72,-22.3065
0.74,-22.1868
0.76,-22.1468
0.78,-22.0271
0.8,-21.8675
0.82,-21.7478
0.84,-21.5483
0.86,-21.269
0.88,-20.9896
0.9,-20.5906
0.92,-20.1117
0.94,-19.4733
0.96,-18.6353
0.98,-17.4381
1,-15.842
1.02,-13.6872
1.04,-10.7342
1.06,-6.82362
1.08,-1.71588
1.1,4.7486
1.12,12.8891
1.14,22.2666
1.16,33.1604
1.18,46.1293
1.2,60.8939
1.2,60.7741
1.18,45.2913
1.16,31.2849
1.14,19.5132
1.12,9.21788
1.1,1.83559
1.08,-5.06784
1.06,-9.97606
1.04,-13.5275
1.02,-16.0415
1,-17.7973
0.98,-19.0742
0.96,-19.992
0.94,-20.6305
0.92,-21.1093
0.9,-21.4286
0.88,-21.7079
0.86,-21.9074
0.84,-22.0271
0.82,-22.1468
0.8,-22.2267
0.78,-22.3065
0.76,-22.3863
0.74,-22.4661
0.72,-22.5459
0.7,-22.5858
0.68,-22.6257
0.66,-22.7055
0.64,-22.7454
0.62,-22.7454
0.6,-22.7853
0.58,-22.7853
0.56,-22.8252
0.54,-22.8252
0.52,-22.8252
0.5,-22.7853
0.48,-22.8252
0.46,-22.8651
0.44,-22.905
0.42,-22.905
0.4,-22.905
0.38,-22.8651
0.36,-22.905
0.34,-22.905
0.32,-22.8651
0.3,-22.905
0.28,-22.9449
0.26,-22.9449
0.24,-22.9449
0.22,-22.9848
0.2,-23.0247
0.18,-23.0247
0.16,-22.9848
0.14,-23.0247
0.12,-23.0646
0.1,-23.0247
0.08,-23.0247
0.06,-23.0247
0.04,-22.9848
0.02,-23.0247
0,-23.0646
-0.02,-23.0646
-0.04,-23.0646
-0.06,-23.0646
-0.08,-23.0247
-0.1,-22.9848
-0.12,-23.0247
-0.14,-22.9848
-0.16,-22.9848
-0.18,-23.0247
-0.2,-23.0247
,
,
Parameter,Pixel 2
Voc (V),1.08531
Jsc (mA/cm^2),-22.9449
FF (%),74.4168
Vmpp (V),0.9
Jmpp (mA/cm^2),-20.5906
Efficiency (%),18.5315
Voc (V),1.09468
Jsc (mA/cm^2),-23.0646
FF (%),76.9179
Vmpp (V),0.92
Jmpp (mA/cm^2),-21.1093
Efficiency (%),19.4206
